{
  "optimal_threshold": 0.35,
  "test_metrics": {
    "accuracy": 0.8416666666666667,
    "roc_auc": 0.8917748917748918,
    "macro_f1": 0.7205539894594926,
    "non_erosive_recall": 0.5238095238095238,
    "erosive_recall": 0.9090909090909091
  },
  "improvement": {
    "accuracy_old": 0.7794,
    "accuracy_new": 0.8416666666666667,
    "accuracy_gain": 0.06226666666666669
  }
}