{
  "accuracy": 0.175,
  "precision_per_class": {
    "non_erosive": 0.175,
    "erosive": 0.0
  },
  "recall_per_class": {
    "non_erosive": 1.0,
    "erosive": 0.0
  },
  "f1_per_class": {
    "non_erosive": 0.2978723404255319,
    "erosive": 0.0
  },
  "macro_f1": 0.14893617021276595,
  "roc_auc": 0.5,
  "pr_auc": 0.825,
  "confusion_matrix": [
    [
      21,
      0
    ],
    [
      99,
      0
    ]
  ],
  "calibration": {
    "fraction_of_positives": [
      0.825
    ],
    "mean_predicted_value": [
      0.381176233291626
    ],
    "ece": 0.443823766708374
  },
  "y_true": [
    1.0,
    1.0,
    1.0,
    0.0,
    1.0,
    0.0,
    1.0,
    1.0,
    0.0,
    1.0,
    0.0,
    0.0,
    0.0,
    1.0,
    0.0,
    1.0,
    1.0,
    1.0,
    0.0,
    1.0,
    1.0,
    0.0,
    1.0,
    1.0,
    1.0,
    1.0,
    1.0,
    0.0,
    1.0,
    1.0,
    1.0,
    1.0,
    1.0,
    1.0,
    1.0,
    1.0,
    1.0,
    1.0,
    1.0,
    1.0,
    1.0,
    1.0,
    1.0,
    0.0,
    1.0,
    1.0,
    0.0,
    1.0,
    1.0,
    1.0,
    0.0,
    1.0,
    1.0,
    0.0,
    1.0,
    1.0,
    1.0,
    0.0,
    0.0,
    1.0,
    0.0,
    1.0,
    1.0,
    1.0,
    1.0,
    1.0,
    1.0,
    1.0,
    1.0,
    1.0,
    0.0,
    1.0,
    1.0,
    1.0,
    0.0,
    1.0,
    1.0,
    1.0,
    1.0,
    1.0,
    1.0,
    1.0,
    1.0,
    0.0,
    1.0,
    1.0,
    1.0,
    1.0,
    1.0,
    1.0,
    1.0,
    1.0,
    1.0,
    1.0,
    1.0,
    1.0,
    1.0,
    1.0,
    1.0,
    1.0,
    1.0,
    1.0,
    1.0,
    1.0,
    1.0,
    1.0,
    1.0,
    1.0,
    1.0,
    1.0,
    1.0,
    1.0,
    1.0,
    1.0,
    1.0,
    1.0,
    0.0,
    1.0,
    1.0,
    1.0
  ],
  "y_prob": [
    0.381176233291626,
    0.381176233291626,
    0.381176233291626,
    0.381176233291626,
    0.381176233291626,
    0.381176233291626,
    0.381176233291626,
    0.381176233291626,
    0.381176233291626,
    0.381176233291626,
    0.381176233291626,
    0.381176233291626,
    0.381176233291626,
    0.381176233291626,
    0.381176233291626,
    0.381176233291626,
    0.381176233291626,
    0.381176233291626,
    0.381176233291626,
    0.381176233291626,
    0.381176233291626,
    0.381176233291626,
    0.381176233291626,
    0.381176233291626,
    0.381176233291626,
    0.381176233291626,
    0.381176233291626,
    0.381176233291626,
    0.381176233291626,
    0.381176233291626,
    0.381176233291626,
    0.381176233291626,
    0.381176233291626,
    0.381176233291626,
    0.381176233291626,
    0.381176233291626,
    0.381176233291626,
    0.381176233291626,
    0.381176233291626,
    0.381176233291626,
    0.381176233291626,
    0.381176233291626,
    0.381176233291626,
    0.381176233291626,
    0.381176233291626,
    0.381176233291626,
    0.381176233291626,
    0.381176233291626,
    0.381176233291626,
    0.381176233291626,
    0.381176233291626,
    0.381176233291626,
    0.381176233291626,
    0.381176233291626,
    0.381176233291626,
    0.381176233291626,
    0.381176233291626,
    0.381176233291626,
    0.381176233291626,
    0.381176233291626,
    0.381176233291626,
    0.381176233291626,
    0.381176233291626,
    0.381176233291626,
    0.381176233291626,
    0.381176233291626,
    0.381176233291626,
    0.381176233291626,
    0.381176233291626,
    0.381176233291626,
    0.381176233291626,
    0.381176233291626,
    0.381176233291626,
    0.381176233291626,
    0.381176233291626,
    0.381176233291626,
    0.381176233291626,
    0.381176233291626,
    0.381176233291626,
    0.381176233291626,
    0.381176233291626,
    0.381176233291626,
    0.381176233291626,
    0.381176233291626,
    0.381176233291626,
    0.381176233291626,
    0.381176233291626,
    0.381176233291626,
    0.381176233291626,
    0.381176233291626,
    0.381176233291626,
    0.381176233291626,
    0.381176233291626,
    0.381176233291626,
    0.381176233291626,
    0.381176233291626,
    0.381176233291626,
    0.381176233291626,
    0.381176233291626,
    0.381176233291626,
    0.381176233291626,
    0.381176233291626,
    0.381176233291626,
    0.381176233291626,
    0.381176233291626,
    0.381176233291626,
    0.381176233291626,
    0.381176233291626,
    0.381176233291626,
    0.381176233291626,
    0.381176233291626,
    0.381176233291626,
    0.381176233291626,
    0.381176233291626,
    0.381176233291626,
    0.381176233291626,
    0.381176233291626,
    0.381176233291626,
    0.381176233291626,
    0.381176233291626
  ]
}