{
  "best_arch_iter45": "ViT-B/16",
  "test_roc_auc": 0.913900913900914,
  "test_macro_f1": 0.53125,
  "iterations": {
    "ViT-B/16": {
      "test_roc": 0.913900913900914,
      "test_f1": 0.53125
    }
  }
}